Cement,Blast_Furnace_Slag,Fly_Ash,Water,Superplasticizer,Coarse_Aggregate,Fine_Aggregate,Age,Compressive_Strength
249.81604753894499,209.44851420592354,37.02658576772393,182.28981421634617,7.851170512077179,1048.255676631891,769.0811976835591,3,58.53346076142947
480.2857225639665,160.8289099032361,108.38018947567163,177.50182531556771,7.409363972159994,1029.3583383964153,818.6725588765489,14,55.37651281674679
392.797576724562,92.85828488589833,174.58916717528166,123.07704789677229,27.1876374156311,972.058685436672,600.1871595169996,14,26.203606713909178
339.46339367881467,244.1385059120846,146.44497728191223,160.94973931513877,7.486385995485183,1086.81414308358,749.9496398427996,28,57.694710926894416
162.40745617697462,205.41935176616377,161.31222957228994,165.62347425430283,8.15849178385893,860.1423546585208,728.6983932574994,56,75.81282338764578
162.39780813448107,48.78508180346739,131.75667334214347,167.85873370762806,22.78194787253891,832.7792630928864,833.1321507153084,7,13.275009148023797
123.23344486727979,273.2781553481527,138.4553129035705,189.62068430727987,13.4921952735162,1056.1885900866266,862.4348241925043,3,32.37564387044438
446.47045830997405,246.7611728769507,169.83913031306386,184.0323056072254,23.301316708655435,931.7449449901245,504.8627085909547,3,40.67237016664487
340.4460046972835,284.9399739875772,49.93360177183719,192.94861113521335,1.9609847269315572,1054.090656262118,769.6079676235171,56,72.94822512472827
383.2290311184182,217.715852516508,97.88499272862809,211.7859913850554,14.62713581020153,1067.9270615586245,520.7343196478917,90,77.35830126264096
108.23379771832097,184.02455878073695,44.241888363920445,217.5582886459312,1.008408005498479,818.7372780857214,719.5434660309423,90,41.08806725474326
487.96394086479773,125.47291088718566,197.5336015993294,206.17476914717935,1.8795961036606357,1065.0394288958182,615.0530916174713,28,62.501988849953385
432.9770563201687,279.818545006204,188.81186793732266,234.66284351459217,27.193123600332328,934.4957166108267,622.7106398088565,28,47.21627166351381
184.93564427131048,259.8191668501225,7.88536227370118,122.1879099211634,4.177361133527855,953.1297467012696,641.1834013809427,56,47.64480543189636
172.72998688284025,13.565601031856822,141.11503450313768,143.49335828202553,15.972620468256514,987.977753327963,748.516979619844,28,29.46696605464495
173.36180394137352,7.910092349175601,185.04966348313317,120.90754499737706,12.332868078021196,1077.914782019026,633.6199862675077,3,25.186937210471566
221.69689718381508,112.93901006341488,36.11506902546671,197.69696569855236,10.42029978776528,805.7348283289292,793.0796202361121,3,30.16037421468288
309.9025726528952,243.16599923454987,113.5890461105259,227.76366587399843,26.995000370618175,943.0530404953452,661.8109542295479,7,48.94296050799555
272.7780074568463,296.18283879448336,183.09765951760838,149.2178755891559,0.654701903264685,1006.3166127291682,527.3412801239834,90,12.04086302154623
216.49165607921677,45.12506733105845,6.789195717159768,231.2441453755568,19.913690585267673,1016.8120873094686,813.5039369936429,56,73.50742610494841
344.74115788895176,178.23921460564054,139.484053449368,127.2320868347473,28.901833026406514,1007.7597294611323,614.3033298370824,14,20.939859668484335
155.79754426081672,114.26725698930646,59.469801474510156,232.13232321666172,16.805045503855258,840.3305388224366,673.1067518397051,90,25.40620738099706
216.85785941408727,290.97431934438094,184.8792390753061,162.19472246875614,28.104673860992754,889.8186765115043,774.1775532887607,14,46.27933235133524
246.5447373174767,252.6356769407126,194.21164903307354,132.170499413906,1.567736378580713,907.6146576251041,632.9824628594848,7,59.708033643609554
282.4279936868144,251.49861141334137,188.85329782268678,178.30461110235908,12.563799572224841,1041.3311623038514,522.6342624586863,7,16.70103383210781
414.07038455720544,140.6079479384911,94.84284333149276,150.81318812646094,7.804733728861535,883.627961724366,649.5684188051255,28,32.23862882830135
179.8695128633439,124.44585070129955,172.4085301978627,154.18474823543073,21.924628949421894,863.2114891601609,877.7794330777214,7,77.807222390205
305.69377536544465,82.02212157921187,168.90987970701408,156.87479579115438,29.4389127149174,1087.2344057114287,756.6937589194233,7,28.3640076746662
336.965827544817,16.912648995278133,63.82009464865113,216.3631077399196,7.6959018733274345,802.6589855340407,768.5916594668828,14,31.91351015442028
118.58016508799909,259.416712876516,165.78309483013547,184.69935320103053,19.625238044222233,1099.3462567045935,752.9128614550559,28,68.55489434326235
343.01794076057536,243.87030273902326,7.401526943098524,157.35692389872042,5.942928982792203,1003.0463896572187,579.5968555837748,7,13.515010218331867
168.2096494749166,299.91530198583916,119.2539756964106,193.2400539973102,16.959907637148298,1048.540789834735,667.333545640912,90,42.52292181662796
126.0206371941118,298.9910511221716,46.00176745754061,205.93808090678323,13.917974600650085,888.385818903858,800.3759193453272,7,36.573173511616915
479.5542149013333,166.62951168078823,24.113377155455762,152.71488008802405,29.16015988894611,804.294583300118,540.5491590212637,28,32.16107319360558
486.25281322982374,230.69622455415316,15.390640325841831,169.6258921830422,18.255818180893996,1021.360855568459,611.1411104358849,56,29.998971583133518
423.35893924658444,283.4297189647284,139.25775517562795,134.6263312004337,10.485191162604563,1050.2433791002027,610.5276433863414,28,16.396187340228643
221.84550766934828,254.89421720322343,67.97499275361322,141.73792194416163,3.422873546638001,1022.1428395860557,672.8075710378024,14,32.03780805461542
139.06884560255355,74.2044305229593,144.9533543057523,201.73414247579794,4.537404862048037,842.8550861902515,892.147496376874,56,13.0136681900968
373.69321060486277,135.16324059302806,13.071268159788474,141.77260172347525,6.759507898537053,1026.0283766770908,527.0010186735287,90,64.66747045511048
276.0609974958405,38.747824545448495,63.05806756612207,183.01960604004722,7.5289998402089395,1030.6768346322924,707.480397752238,3,37.87594557706082
148.81529393791152,286.2153081776167,107.89825847506745,205.08555140669193,25.518481735234133,997.5621547010164,571.7458728048841,28,41.07326826239381
298.0707640445081,181.852390335264,158.14463296779272,132.82523077136926,16.83668364847575,1029.8347798386758,888.2706181638977,14,72.55162105150922
113.75540844608736,68.59284165103881,63.750500586413985,188.07746635546843,15.701727341230994,1053.7764319033197,545.3214018909857,90,56.063848870285454
463.7281608315128,201.510205321757,125.17827528740182,150.78753404416364,3.443066156076524,984.0812342712375,661.4404009446365,56,10.564137233948385
203.51199264000678,185.43847213736876,177.1955496472374,235.55122502850958,25.80419080048305,826.5814141909037,795.1539939338425,90,76.02223760728995
365.0089137415928,107.44881540985214,123.17263763646092,178.02547760639095,21.68442909625451,946.2883429001632,781.8217712109781,28,26.600112618439784
224.6844304357644,34.0672776598887,46.591894950726754,216.71910597301897,2.0300508570000475,823.2948004014816,669.0914547575729,7,17.53299293319012
308.0272084711243,201.4719586778399,4.880156311307604,186.0271850587514,21.23505291689306,922.2629093097293,638.6096671810873,28,63.76897248666175
318.68411173731187,156.092310271138,174.01977478018597,125.2095039425783,16.30614652027938,922.1319467376883,659.0449514211482,3,45.03341211067027
173.94178221021082,231.6955175206918,4.253882170077428,195.9781650712827,2.4517603724033474,819.8029532420725,605.7105052634557,28,40.363939621261224
487.83385110582344,156.04905033359802,174.94033453683988,234.16840106479884,13.749019245859694,904.6461601908438,582.1331754827199,56,27.465215577791923
410.05312934444584,255.65445009556203,105.7874268054424,192.19341841755974,14.540888613901409,833.2994296373945,693.215879023556,56,48.323004290362306
475.7995766256756,165.57205163234568,187.81353970257925,218.30266313121484,4.973236204898273,1042.4705630027665,607.4135024270429,28,29.20692236418112
457.93094017105955,168.28139146061588,159.7566471547331,226.10477560180894,28.37094441000847,1084.3064077893412,614.9846659589,56,73.11081037009473
339.1599915244341,262.9960807975035,199.58682210666748,147.36957263387188,25.499261144419858,821.6949425773815,762.7024253898228,7,25.064313581323496
468.74969400924675,121.04485986371911,70.14236309034203,145.4453807889872,20.07067011987325,1086.5345621875103,887.4149326799569,90,71.90486053190276
135.3970008207678,40.20456853519222,153.43765778622537,193.317718662119,13.868866830018217,956.7729798010236,741.45488022375,28,49.158379800914986
178.3931449676581,8.634802894001691,80.38618272184843,169.32341637680457,12.352966247535255,889.8697033861622,530.7917868259865,7,67.99416937266687
118.09091556421522,226.5411767020857,95.97512406078177,220.78335634400645,19.529204014528624,823.058622582849,530.2334455416268,90,59.89921971026685
230.13213230530573,186.0928654060394,125.50109264367401,228.00277480776134,16.362956082207162,950.1872804211254,880.5692883382264,90,58.7686578005724
255.4709158757928,211.22393042976708,174.73542283726775,162.4105655163262,1.8681931764565685,1038.3546633472247,618.9163161229335,7,32.7042065386539
208.53961270955836,63.88924845267322,196.81669383985903,148.42446707693784,15.375079463109952,1012.1259431800095,536.8267944329901,14,26.372785203054242
431.4950036607717,40.91144267603093,153.65468277290364,213.66306182926343,24.192108516985186,815.0678034391922,739.6178348601526,28,24.76203593765517
242.70133067743572,4.363399700364578,83.55335643346675,152.97672426577634,13.777196327908742,821.8705506103711,749.4595113161065,90,70.0034159941712
212.3738038749523,105.1762676419791,84.27140045541404,218.7137182216414,1.5586973266280524,920.8619847897911,759.4019280474753,90,67.42987741813141
317.0784332632994,176.9753060563899,147.5164603177783,170.84859043785156,23.588345981520995,888.587148214383,606.9608111430165,56,40.84014696086151
156.36968998990505,117.67321352991969,47.755429153660465,200.10598791497645,6.040913464079232,869.7152969168144,506.04427368579,90,19.268322944751823
420.8787923016159,131.24247660711873,22.094822626278933,131.4642376601602,7.758625046641163,884.301349672614,886.0061477817887,7,36.75765763842209
129.82025747190832,271.2476083481245,70.92443152815531,194.86311896118877,4.941190602968877,1041.0448229890653,600.357218276441,90,53.354041789583796
494.7547746402069,104.4766401069901,57.44779833081635,174.21212144846749,9.906451946144927,1078.7684160895562,770.4105152210191,14,41.8082208135967
408.89790771866296,154.19684674794323,59.261624091198016,190.3930155810569,22.70254517065905,921.53080835827,782.6519479514839,28,64.61324879380965
179.48627261366897,235.09590382234293,46.721550209981984,140.1617049293836,15.58157578511812,1071.833300639749,744.0029668317943,28,79.83359755759697
102.20884684944096,118.96283469638105,8.418637927272377,208.42484939330186,6.1464382245213764,896.4487103743646,625.1629576854593,90,23.37924619142278
426.18457138193367,186.62601006836204,3.574786946682762,223.5356493051874,26.334902344561225,942.9310959031375,608.4385015056263,3,42.17555737617007
382.74293753904686,258.70911262402353,197.5444779472063,146.0087760108931,26.387455648545874,867.8086993448,739.0673130810812,3,40.16887313445754
391.60286721639494,284.85618709729266,85.55462674717246,131.48574666241942,26.117352751380206,992.1428126527532,846.4382534446765,7,31.31447729242656
408.5081386743783,44.12204427871138,76.86532943193633,122.83663032556036,7.163886341446179,1093.6943345524428,878.6934915693582,3,23.86668617042027
129.61786069363615,277.97628754844834,135.92945653861398,197.03658005319193,13.537180325429643,981.0479288130136,542.362321761503,7,14.598448154276145
243.38629141770903,147.63488792386147,43.65077757301283,192.8512843306537,29.54968968422625,907.3442252340647,561.931445039088,56,72.0983522056589
146.34762381005189,77.4733164896875,189.99223679004507,185.6036895256884,23.16037428929971,994.3452337971585,877.8945035132319,7,39.38940883804223
445.2413703502374,137.7407268714784,157.2690028831104,147.83365153391705,0.8150226367667945,836.8762035396163,794.614091333917,3,44.78268629500342
349.3192507310232,294.00977258564313,17.8822004624519,166.90871950866176,1.9561377378147615,1066.5977240796196,853.1975299319092,90,74.18594337406411
232.35920994105967,147.78542819786088,83.51615515698568,191.33716022234077,13.917941304369982,950.925185233951,581.0530536541372,56,64.34033342611635
125.42334011440946,98.62548308625246,175.82366151243295,179.6120230631003,27.276606175846805,934.8049226118926,735.0343484437608,3,19.135088488202896
224.3929286862649,190.02025629501773,188.94640445828205,238.5342624257865,16.161053938581425,975.7594365360558,780.4558377669895,7,49.57939773254196
230.07332881069883,72.04368563345793,93.48030224997395,136.37277030680798,14.934375241028707,987.4351588368207,772.044754178789,14,40.957659356369135
391.84247133522564,22.758998432599174,122.68227784214154,203.41734648571125,3.1642109986989175,821.5327418679539,663.2606763466792,28,65.8047750805134
355.0229885420853,38.66391657319477,33.40678921841504,168.51825217251505,19.70340314172882,1004.7851663670207,506.1579566765234,3,60.69627833283644
454.88509703053063,38.41375168733173,198.2337252273953,171.38395379107376,24.663094818006766,872.5795040946589,733.1704227217052,7,58.32840053377504
288.8859700647797,45.5708080536883,46.33434027668868,206.11173187898115,11.41260022522687,1014.1857897519769,601.2406156718434,56,33.838138483592786
147.83769837532068,41.64815179482304,188.54635482702514,203.09233815892435,23.268355527759823,1046.760438315259,680.1016984571561,3,66.34746112794781
385.297914889198,192.26242344096437,129.9293297984737,238.9507192442626,28.934299617024347,1041.187552265756,883.032406033527,3,13.667390691640286
404.31401944675895,54.56402531974345,121.54735897577183,135.40731473449503,6.112993773830673,965.7502902223667,659.6141270569739,28,21.173743100251706
324.5108790277985,103.70018499715896,102.53770220330172,132.49315792609997,15.699888935842239,956.0509676932254,835.9206426657706,7,33.49362910845382
408.3868719818244,269.03652297180355,46.13396234355174,206.92065805544894,8.614138742537266,842.8627884018235,575.4162422997005,14,15.376520874849689
297.5182385457563,142.1884920788617,35.305606401101656,189.4064300407691,23.78563257101518,1032.6038451209406,768.9841992100115,56,26.44959942742841
309.0931317527976,200.26732155630816,44.09724181403507,152.8992799871767,17.327800976434727,881.4228141340143,890.8027817755774,7,68.11056880985427
271.0164073434198,51.69596136048895,37.287652428850905,129.5303242786784,19.037472526509113,949.008626845384,540.7572403491747,56,76.37760764530555
110.16765069763808,57.68670564260123,155.91689471335067,130.27898995157167,23.93742478847682,885.2822278782551,503.3279768908768,3,31.322164904193333
143.15657079732176,12.260584879943659,70.02505183334603,227.3029049596942,11.879114179873646,840.1485088999079,673.4331170530457,28,28.516106279218675
112.5716742746937,50.680518921649366,11.568535312679273,143.02407896624914,27.452702052211297,988.867309067521,537.0501932205469,28,29.59248565724988
354.56416450551217,83.57710170958758,193.82052602816228,158.8045874538625,15.9908660173842,816.2996104468712,799.3537398704925,90,29.440336114559067
225.74239243053069,53.10314528302405,176.75717699268515,147.19876826723856,4.73864468506044,1024.59357023786,865.8194655394236,14,12.515112753018109
303.42827646588114,26.610760127116684,185.55045663904258,162.59955669983248,20.876973545064075,895.276038578335,673.6083890835035,28,74.88414424317756
463.0265895704372,36.190761330180244,198.98156452928706,128.3308611295312,23.797840513147634,800.0404079013456,603.4846568621764,3,24.95886990992299
199.71689165954996,138.23363040981772,34.77904984389746,182.28717490899243,9.5028503120258,953.338741771169,673.7613276026439,14,39.40028518569835
264.1531692142519,61.90011552173775,79.24840378053175,128.1135076310658,25.71537770996259,814.0555725582809,789.3791271400004,7,10.678081791867742
402.22045541721945,109.28095831442263,151.64769514081826,216.0427809386834,27.184297642972993,882.8508673462699,503.6216646321484,28,70.056856364054
191.51926619664897,151.02518125645707,139.20412361075844,148.04544982925196,8.307134621334267,1012.0929462367149,735.7815957938789,14,61.181014111844206
130.7919639315172,207.1184485888096,30.779181267971012,184.80142975254125,29.505644181456663,818.8068864865597,745.3166739549516,3,76.27292246215923
215.90058116550722,11.793641952329681,163.16662499812355,225.60949050737497,4.221345841462752,1051.8015477068006,755.0752987583742,90,64.71308354374793
164.48851490160177,239.82311967271278,44.888114367332136,198.1052842856633,6.060470052074699,801.1459767975749,596.8088319923509,56,31.959455843644566
471.87906093702924,188.37011684727233,44.76352296452462,183.95493438616023,5.526745177140784,874.0471607605707,785.6210893512507,56,27.351135110989656
423.2481518257668,24.527709584661572,107.39488457868272,158.92005037384507,26.819691300236112,1022.2712168456214,536.5565945327105,3,58.840141528730506
353.36150260416935,262.07358723203316,118.58798696834063,159.96022956698374,19.628776569748855,894.881044918792,579.7081345867203,3,35.48789425073496
448.58423607508706,276.261720159544,116.01724156756224,200.3384346237828,4.563128496668186,830.567716419804,850.9880186617927,56,49.63505110268316
421.4688307596458,18.323387956459126,18.297367479550974,239.2967233465401,13.20970255105047,908.0701756401284,795.4892602906266,90,10.438022971852916
174.62802355441434,83.06329444416112,175.49217252607608,199.42070278192543,18.458940752094062,881.1179859153576,505.4982216045381,14,14.331999117633266
457.0235993959911,241.8603839379184,53.12000851774121,186.93401008440298,2.5039225496814987,1052.8135706481664,599.3505041479201,56,47.47575588271558
315.7368967662603,224.4779071150975,25.902984256560835,207.67806122870954,26.47249105222016,894.004375275543,585.7625931972658,3,49.62501525137156
422.976062065625,55.3563058069132,177.74961597379544,175.82467347404616,24.108106063246055,1036.6797415328022,608.322531214789,28,62.601706112154055
458.4365199693973,62.80479700101309,191.13029964595069,127.21708111209422,15.156203207299146,1067.5616434432204,599.0239081119546,7,19.237572373677324
227.20138998874555,111.1416308374146,172.42552345309014,187.47561790534917,29.013798457775113,930.1452258729589,525.0105182971383,90,45.92281586297452
144.0207698110707,145.3568955573064,161.90321494497562,234.91503414064562,12.532829378252991,1072.9829431563176,683.5762066387281,90,23.611335110218203
191.17406501677667,185.4764314590888,131.04839612780435,141.03635308291916,29.523309571094934,913.1954161889579,793.0933899144661,28,16.52372836938863
270.8431154505025,110.67409187093172,110.17147412182786,202.80058689847988,20.03759996410881,1089.2235249470325,742.6926898869746,28,38.734705584238824
427.20590636899726,138.76041483994436,17.39735198228203,144.11204263908678,19.040138197618244,826.7868573576719,769.148667439232,3,21.433565366234006
444.2922333025374,224.24128144012695,81.69064261413975,184.29932213676975,4.9786468588735495,1006.1057799509729,532.4596714144957,56,25.5247384734623
102.78085221247628,11.00496086717937,74.5377034024628,131.60117395760636,26.45783274913932,948.1442121370786,880.5962840707149,14,32.228820590865126
304.2989210310263,75.73108330320622,51.95075675206524,174.04451235098222,12.824690637618454,916.2946416366941,835.3967335372099,90,28.157188052023738
266.9644012595116,214.00487576536574,144.684022737717,210.7395994674295,4.867002173474381,989.8135636245803,822.0361273982651,90,16.13139081841625
188.8431241882921,268.5620513061598,99.17514701575416,161.70858290867784,0.3782255992727712,1011.1571274902993,829.193522016707,28,16.29413714017916
147.94614693347313,153.50323263469983,16.209243181529587,199.78940693846616,16.792670509151478,801.3089808950928,873.0842032531045,56,23.52745906639177
235.0460685614512,159.6340455795947,44.036640389962265,215.4539952947675,15.82198866368029,850.0859266241596,717.701586445479,90,13.539143157167727
477.16388156500767,32.15160340193282,136.65175273191917,231.2613383375343,21.580608671074756,1013.9138151902956,580.1128071470504,14,53.8519913773849
229.2811728083021,134.2237100470364,15.226171898060038,148.15704982265441,26.707741590534063,999.9156240734619,746.7134431410165,28,30.11287015562314
307.51624869734644,159.78517993650695,170.24138280975373,167.91790989711697,2.3821975392908854,1089.8142515386032,797.1525974671756,14,29.58221774383497
381.2075835580711,72.7411510904189,99.02930540279486,138.28992159965009,21.94489471021087,1028.3113370752349,795.1669573416102,56,33.23988059664356
245.4518409517176,80.7729692848143,96.1173154653296,239.098020259005,5.622358322927466,1085.2318123194013,708.579609666752,90,56.395739194680516
488.7128330883843,113.1852489313868,118.48155693190353,231.24011615091544,25.74531159471492,1010.7621504604421,527.3834877334313,7,70.94437170384434
484.9789179768445,6.0213593333179105,164.93619318502982,184.79485563366717,24.571905415849685,889.415662591833,648.4451753720512,90,63.13608527889469
200.71291833014567,96.62374967495349,69.56184158043861,221.04399532517056,16.22381264956633,831.6094766752569,868.3066433853429,56,60.927046115756646
298.89940235695417,63.434402098963396,135.6032305118127,182.51495727264506,21.307283958699344,1034.5471590034806,733.7795639029704,90,43.907382992059446
220.35132392670786,98.24920565337439,113.1463927991582,194.83028256033117,9.430503395512451,993.2447664427748,715.3327773022854,90,58.566388987718824
213.93619775098705,35.92863954577537,53.40565403388426,130.694931853922,14.135036967984439,814.4558037179888,607.5414057528774,3,48.69336576235082
114.75477894181311,267.1581842219685,175.7259972710316,210.63245045961696,24.64910693131415,908.0151397702934,647.3795679666316,90,25.137536973057024
343.82573359195874,178.07773606621458,159.48520432138562,135.32561803622818,13.777955915196417,1087.039944645286,858.1384356612677,90,24.60118574187355
301.07160929154463,203.73069574334687,131.6903669316851,219.1281156303034,10.733947959763254,950.1203437130604,766.5852190107344,14,30.74744048126984
120.59150049999573,236.7513715822015,170.11634581884837,213.8433705204463,14.826373417508997,929.8187408059114,814.9548107009332,7,73.75618696788692
211.45858569464457,149.53265967871718,173.45884019196046,205.04936372915716,24.84747757311655,937.3098815477882,681.738169227062,14,48.31903882658081
463.3063543866615,26.076086426227107,141.67259534300695,124.33924566297145,10.056241421126181,862.6648172015491,752.0988877824632,14,61.37337639013086
195.82475626678897,161.13196254556433,167.4026656727344,156.37540271343943,5.212847794072314,910.6121512594385,599.353443497283,28,34.259113187158334
157.95794883648924,176.05233540626375,139.49429233385672,151.57350838930114,21.360420609923423,910.943976796153,782.1843321133945,3,38.540103946565765
295.78110411102523,223.631842255299,136.02815435206008,163.21636889658228,24.779346381242455,815.7065060562417,671.0405334813349,14,18.789590504607595
494.2601816442403,129.4978638689038,123.72227564303687,130.51712961166064,3.019124355706,1030.2702885553754,677.0182059258982,56,21.990647047516926
196.82210860460015,38.274090838669125,150.54332791152825,232.43493876372753,7.196223382678342,924.9513295711637,759.7289298307527,56,67.9149588378302
368.8542189623514,85.13277173961734,31.72102105861474,186.45626888548514,4.259159692829817,1046.653966044927,874.5122485875706,90,50.938704218221744
404.64784613148703,108.92468891959052,176.17415183978568,156.66291727896282,10.438242347465,1055.1044003359686,525.6025386434484,28,33.627272611867326
195.05501759695989,193.77517239948037,174.3687055490464,167.637782048914,13.510529367162379,863.5982164095974,829.897294938803,3,66.19958462968822
391.2865394447438,171.23349140067356,5.849456606911829,173.66430486058027,22.464790108899194,997.2060446510386,616.9532441648772,3,27.256393394658808
247.11325308770128,106.82901776935387,165.16335011295254,192.07132000327408,19.534427546450225,941.6845412488944,677.5677818025512,90,78.32228890201426
352.92233223743176,295.9545746378939,25.773973494689038,181.88153132357974,18.627857024352934,1064.0470213764456,508.7653315100036,56,34.137232542231885
353.41188430435784,181.73244580706614,67.02377085182837,230.3270367857301,10.571248398289633,864.7222037529363,620.4184311337252,7,33.61176679058593
314.3098736299034,71.16803752079835,148.70165125832156,179.63561794869963,25.243426592542797,1003.3439600930133,701.0524970520522,28,31.833833387569367
136.11590802176332,30.534741786121124,32.15197920966164,239.05896177879754,14.138615021944936,982.3256366758168,522.4704309389756,90,18.547806114700155
434.1209982356952,45.85774175529961,163.59340482381245,222.1709949294115,29.373148140454635,888.5904432715498,696.4382917532661,28,17.77960031324087
228.31202598869433,73.78731851535244,166.42683559154838,145.0212617228803,19.024264148872106,840.9802710953518,870.844251543371,56,55.36735241738864
174.6074041599417,48.2044119778667,101.49354675216725,231.67142575726996,3.7879422469350823,995.491928143183,542.157287243122,56,71.25826311906329
116.31005662190557,55.97010721539173,1.277174343366716,133.96396774625714,20.28532686226302,1021.5792374396992,805.7762912302018,7,65.33643571901715
336.35717727529675,85.52855060815413,57.407626634982556,218.09396501894298,9.75312046295097,894.688203129005,663.868421350397,7,19.877531581494576
371.02574473691294,52.01207858842645,123.38538367514845,165.67479521718963,20.589815900582924,993.4497812066941,762.0694858097352,3,48.190748525444654
106.63513157114247,269.0296273879276,196.2372356054847,225.35691845340835,2.0892344448721722,918.5392722834509,604.0946391940918,28,17.391408218364802
304.8372233197124,24.07012369849266,126.36270540333368,224.16680281289405,5.246443115278781,1013.9620649847853,563.7969050165433,28,13.17062505291542
190.59831007917518,157.3534168710764,51.96071621283196,216.71104801411454,25.67211776717359,859.764582468216,564.1850457084906,56,55.94701015693371
358.06911616377994,123.11904809689845,126.80114061992226,214.80365235684735,6.815386710705447,1067.0645007908524,528.1967782572578,3,47.46066335762452
169.74657160199658,294.7135850725819,107.9970759431711,156.5614966917649,25.1112337572882,886.2228789396739,574.2586819604973,90,15.74165796480296
376.37509524098635,33.611670650415704,155.96907903022873,129.71031396615027,8.378282653632313,910.3357963268459,765.6877539955873,28,12.445747248419192
254.69413852021495,119.35667971372249,21.396127765391682,168.35762145181937,19.286457301761228,817.427585624105,852.6762447374033,3,79.28294893865342
474.6919954946938,290.84112998261065,152.2055805004056,140.82294179838104,20.82451720529493,833.4536636963829,825.6502742364647,3,12.10149325043503
155.0083776583973,259.65213776819405,108.25331573522206,203.39413066829542,15.379642594351587,954.7585708136985,774.0537239497937,56,41.116977713511176
236.4265404201034,245.12162128478397,192.59840077179894,161.53196718453427,9.159320300901939,880.2778030183914,544.1727453644411,3,45.32333172253869
145.38940849623563,77.37084811348196,68.37443320773721,237.07322410318977,6.379331291132884,1050.6440677226583,615.6749785183799,7,18.209610346031155
469.8774473114251,51.266276217019744,126.52437862678963,196.91664928143985,0.9956806368727866,804.4080165964862,623.9227501289876,7,21.83432449078014
450.9357413523924,200.5929659773293,186.4056211020035,218.6976676361233,9.118392037221714,913.7282146015808,599.9827785590485,14,34.62635044872468
203.17665108606224,278.8127967382757,20.50194559813585,135.9029607290218,19.59488371593849,901.2036640307279,706.0022638838892,56,63.317311334956386
363.99361841367164,167.02886790417892,187.44569744729023,223.44173787271473,28.14914455345448,805.7982892752804,714.221525951869,90,45.49576968421867
426.88888008048633,171.48380684096995,137.57714446016266,230.7308628616073,26.136134467891562,837.310519700153,642.7543900684441,14,54.65313121870731
322.0803246397849,83.99372809808526,13.56741182103438,178.4474302582723,22.98194329605908,924.0928024755906,641.5156634945744,7,78.96221885634723
311.8602313424026,230.84787995758106,60.19271338936325,192.7503525301173,23.65342029759896,947.859375334234,831.4222391624326,14,63.76038047192468
196.74091636018068,56.11312456725701,141.6344177290563,211.77717610835947,19.94954710427986,921.2869241764607,815.7171393278743,56,40.40530486988524
137.2411071223597,97.1037709212731,13.47012029375434,140.9806352712495,7.80860572698009,959.2813035236281,623.1183326722983,56,41.25093452575841
458.8863031813307,127.63093158492504,116.43409203525465,180.30792917561308,27.215850921174894,978.5395024717045,865.5153775493037,3,53.31404539287035
460.1672228653322,152.2831136053365,69.17661139059135,167.83956333267759,20.121969357175022,802.9771463383507,881.1260068010024,28,56.57556458932331
353.24058290930714,72.72291972452408,124.18310355349543,137.5648790594699,16.8132189294132,939.2285478360511,630.6970168120163,3,45.04976480856699
235.61191641948028,34.45104742176106,9.148406762502571,164.10413067498376,3.3296840764044324,1089.0497722662765,641.7699795172219,56,55.140285597048596
239.68382984506437,183.1860127324898,174.30736123047527,128.18067712625924,13.411666314192763,955.7096840388647,702.2536613687835,7,11.647274608986914
390.38227154809573,86.58916597207673,194.6977938354794,123.09742883393844,13.81074813605779,1003.2626802376859,876.4483250134695,90,40.07360047277909
458.84410398103086,174.37146642678368,193.7755710571383,136.21995469857873,25.9369082856801,893.559157375065,850.5277732569245,7,29.525665325143372
454.8345697060469,46.308814582260695,149.93036634858495,235.57381339070088,16.399446605633653,1032.1974134458287,541.0271850334359,3,19.042211167017726
411.9502183430495,144.34203055644525,26.017248026126396,185.94354430740202,11.41201646911229,1031.8764445628344,657.0922973085665,90,16.96825589661426
356.8126584617151,159.77682976547575,151.6526391858045,235.89865933838638,29.30400985531978,956.3888142962417,721.3484758999087,56,52.223451593026724
133.65598599801953,15.547061046728071,4.917383291760302,171.89974539961582,3.32161779978947,1092.804146983764,701.252989020616,7,46.65203830068282
164.6514856378455,100.98128345817618,4.424710305799451,157.41793597023116,12.676452849358338,837.665064428796,577.5452271747571,56,27.750888189745844
459.4216754108317,40.324403081692274,64.72204382990824,180.73702354082928,1.2607402551421587,805.0842994668743,843.5267084672619,90,42.96650411407602
342.57162386383595,19.012491141830324,97.72863808093315,172.7414026359492,22.19712362300791,1031.047463527129,770.7763131987349,90,44.45626206276858
103.67882064665186,296.98806971698355,154.08148356155863,132.67976211140927,27.542296565974517,1042.1466612094648,835.1633499407214,7,23.650628630703107
140.58861714641284,96.70615349241689,136.65907532130103,196.89915776282476,8.401119886514683,836.0621687361729,843.5057117397889,56,55.646514331715544
365.40070764322235,242.96233375639045,89.18054127534967,145.92458190115195,25.750250303973626,879.6748498875818,799.3423414662959,14,64.66435494702634
102.02463353848748,76.39219642912916,54.72533325633317,194.35055458773957,8.766546913856933,805.2657090099887,675.684240499887,56,65.40244786226633
164.32322056699945,204.45081666717877,199.42490003154222,198.02413108777841,27.323104849317456,887.9925832341694,744.2187020061698,90,52.17288814924186
319.49351574663444,228.06835796690598,85.2362604471946,138.24298237543778,22.61885710790352,1031.9425621756013,564.1461624478973,56,45.81470077633099
376.7580790770773,178.69162218235329,90.2774048659351,127.36195525328017,24.14720330524316,955.3881583137737,769.458166989963,3,14.270500010377642
360.7845038010402,141.47285656504752,32.72476423833383,213.69139032821278,0.540196668013635,904.4286779504864,571.7013022957123,14,30.14819091961241
189.7077237842239,123.55227424418057,158.96190974998586,175.1760508523184,28.884310712220778,911.5217884718991,777.5798362040628,28,16.529001274471895
384.8716885390144,104.66047996289859,138.73644515629772,126.9796554606571,21.800129762109698,800.4060877146404,591.8392643015875,3,77.46762126149315
194.89963499872005,278.8587432743478,44.15392255775208,239.38395806037204,9.142532861584,889.9401582695708,547.020520060088,28,19.45561023580325
230.1598792637071,249.18582233631875,16.476209123168537,126.933667319564,24.881839945765407,993.9376224913792,566.113796057183,7,20.624278689577146
398.59656204720966,289.5080731999538,136.0998604149426,203.4042274630264,8.445635952447898,1092.258333144907,500.7968540876281,28,72.27036328313446
359.85315961888585,37.28916704566342,130.90224285622705,238.04147103160963,26.18261518698384,1054.1182480951697,787.495847141412,56,76.07497984335205
439.6893641976712,219.26024256109326,54.65190539964186,148.70161250591107,3.3774117123581107,807.0784893936587,792.9604196233516,28,63.60803274644369
363.04515692013734,281.50213704631136,190.17271245008206,137.06992424246354,21.110579323823874,1069.5681814024517,705.9733399653038,90,10.378344657086892
327.32344133418866,54.36991984969804,30.21157835618005,134.56619273069145,16.22095429934731,1034.9595239895878,564.5451204221534,3,10.094238966959459
137.469907131237,19.94888021003325,86.46696020852038,156.39301770811147,2.896034105863224,1034.112837071294,533.4217350042759,3,36.46705388512156
247.0863212237734,222.33619478701772,188.72318403351977,132.1254973212776,7.2568148477651695,937.3987277010715,507.6515865749148,28,20.037675900762476
206.08094707269018,172.34193395397358,83.94546338522446,203.05936100329583,0.3721210883194437,919.4015878863509,566.2992707860883,3,11.28702995061181
197.5958573516334,252.54863302748163,127.70518953281712,127.47501577560752,14.063038963935174,890.8747186499578,856.3422139932586,90,42.48466825831533
489.2042219009782,41.93171298788685,79.51887959255886,181.13065537797476,9.037957822800012,819.7084576863098,596.6147366806726,3,76.01433281848801
257.23908986670415,238.58019355796705,54.84304046973401,239.6036224623572,17.950724528932763,868.4706090481097,641.7085308868863,28,32.6673702431702
456.8186220708453,60.48819601432336,196.79552959196565,217.67643234072227,8.917134231258515,873.9810904934074,542.1381937925332,14,56.279847490008756
352.45545039890516,49.096782859711354,81.8668012630086,193.8263325877213,8.99757334520954,945.2231209130605,588.9445218992681,14,55.656474719270854
417.9245214166594,49.27973937929788,178.8198407358269,156.7504344943934,22.2957959619481,1024.2333219790082,707.689828312082,7,27.575607256561742
301.0548372420768,244.37241606941464,45.990921178217235,194.86750035499662,1.4442850793506035,942.1429485193839,743.101073238261,3,55.529767417670506
330.76155385054363,199.55916620886003,42.62094080501666,183.2449756693982,27.086849855759617,817.3533348341482,598.1409256664845,28,24.863378200082387
297.00707752754556,156.9196274307358,6.226816576902272,171.13000606684457,25.567916231735445,1087.336940296461,523.0928636900469,3,18.540518950382236
178.09719511921782,107.64914523705075,130.333365075177,135.68524520882394,20.034140496792194,1082.8172957282336,656.4131476509594,56,59.0968299891783
388.9808461046021,263.16016224393246,73.70526874475223,226.392505828856,17.796647103221527,1035.5568629445224,593.6813483705337,90,17.94085719727417
212.30894497634233,117.73353222679062,172.8716499679274,173.9741578585587,26.769074944189565,1097.3983704692662,587.8215692919208,3,79.78364530125488
109.72638657258153,244.97983184147313,94.64198133831144,143.3547014184918,5.559905385861433,963.3446998400789,883.9451210853821,3,22.84166808051605
358.1889183628671,131.74047257106554,193.63868558294433,164.13112210527476,2.3690748657248584,1088.8305050759618,746.5201943702896,14,51.58993039295203
170.84427176281957,113.08332882747227,37.10510314062423,169.69557030347124,7.185305097286143,822.6815121850252,722.7513772688384,90,38.796219998881256
476.18343374116574,138.80393570088194,173.72463359112217,219.3045474680249,23.83734836100571,909.7042244784113,666.3100414093287,28,18.8470495683967
481.5714308010349,90.41336224924262,155.31937055834834,208.03372566736823,1.0401080017944997,867.6143804020297,671.5777333720578,3,11.949073530418937
465.9457560881794,224.28281405287532,154.1843689288104,212.31658723696077,17.484205052504688,858.749925240281,716.3620015352324,14,53.59125976049833
248.06348010217775,150.81611702774376,168.95664562337754,121.32375173143767,29.8631254857393,842.2408846678028,778.5719228144428,7,66.47302946523882
106.18264661154697,69.6638085440452,152.20479818859977,169.93847978157137,25.670882815126184,986.724092469799,780.8584384727318,90,68.94109630547209
471.32742503509013,269.87237198237057,125.24406432628308,177.76129819623884,15.643370671307684,1034.3965567241914,568.6775630821799,14,43.78994311538541
271.2736593269257,115.16736641196343,26.248975536477516,122.3030732187668,1.9092272785992703,973.4895198261082,700.0451008306508,14,64.421882702767
486.6619276174678,163.06585833419658,6.505235898250383,151.17758504940412,24.941205431571294,844.088812876463,664.7832380136408,14,57.09929934419813
485.44799083570115,271.94163328936406,184.16956956313737,211.2347787746562,17.969355245316315,1043.3371309800414,848.2107865077537,3,60.697816924939325
441.203782186944,187.27139877419762,123.33006290414761,136.4531646874799,3.4479899117870048,990.7864121491185,752.5675684873506,3,44.481930365526985
217.77955682783426,35.06941221250922,159.30745819523526,184.23721577431098,2.815718544700686,916.4497118380987,713.0016265663927,7,54.338821816948894
254.0390914407701,281.94963708404254,96.30447030251001,145.8242246420685,27.28880458309777,1002.2390886608189,546.157856871567,56,66.38681395032398
440.45466860674276,188.31241592142536,23.461637792478896,121.45449295726719,20.076007888142353,877.9714937728498,742.2551557293646,56,37.851892288991614
226.76880206251107,100.47168439712584,25.037158440510087,148.94417491194497,24.878603979502667,903.5576625482631,546.8815622720933,56,66.41852306073086
167.797098674437,41.78162179901618,137.11305744579428,237.10485058920645,26.36936700846802,1075.245752939597,634.8826302263008,90,51.4411789952344
322.72050498334005,238.20755678108878,86.06117897989253,216.18445342595874,17.153170561449667,887.1513517014262,557.1367859257327,90,21.613071705955036
474.4619096643124,186.02182677855404,40.104945340067346,235.149197318524,15.523390552651238,940.9964804473809,776.8294588097476,7,11.727891005720924
378.4119186699892,160.03832759289645,98.31890934828738,178.54248527116349,12.912822309629705,1067.0423412188043,582.5008455344611,90,35.392752027940645
328.024468035746,268.1677749152873,12.841787415026818,133.1683438413004,9.508397633733578,1012.3164050802583,656.7437492752103,56,48.26874298074379
138.8705975083074,236.57916336735923,116.39428038287976,185.75513867684316,13.037878825761354,818.6609678494108,858.2699110475114,56,68.78742465424418
346.00289067966787,45.50246391982535,53.798680887019536,174.5252801471953,23.216389671904693,844.1909132836911,581.7265533595881,14,18.923997609817235
496.0215400417053,93.51662033866447,159.51182012743763,221.3228499287539,18.057702930453946,802.352477231575,703.1220255835117,90,66.01444433785053
156.0336060946096,74.54674194433973,62.07239178471475,131.76990969410934,26.77569869864538,989.276537068749,667.7086644664088,3,70.41063322470589
307.33186094549467,223.1838877718031,91.04402981636024,178.58893644261337,13.301400431375631,934.3020276231255,507.2496164182919,3,20.548124090058366
450.94922877118216,10.059730420733814,2.324107981620127,138.00583976327812,18.212687361562622,840.2824552706827,817.1032454291251,14,69.61160235129533
396.30744710168176,170.96690546139496,14.489377558911777,158.9611112268072,18.93922659275966,1087.3802363170312,527.6183625258399,14,79.40174974899544
378.8062963981072,228.73760572220715,78.49871128133697,208.48284928653595,17.750914869189767,958.897917183686,689.7020083907814,14,60.878718173376626
380.9936335948437,263.02969102852484,95.9877669434247,177.122175524252,21.07901319256549,872.5679882338668,724.2713179755799,3,64.93387772774915
243.79646048790207,102.62452461477224,120.00410962386074,165.10659421749233,7.123004051244188,950.1810713464123,751.3705826458348,56,79.60906872912113
217.43673770579733,246.37719140160385,58.33251574186065,167.33715342840424,15.370913326373719,1003.8860998205323,775.4526517231502,14,52.383687536816176
423.74446219140543,33.189521086562166,138.99637722530852,175.1336122087184,3.12674408425043,822.8717653920694,601.308953409086,7,31.55204674113746
424.0453578716723,253.93568752035546,172.0244794378409,214.20198526044683,11.535339829344377,882.4111445143676,503.99151066337976,14,68.6271583853239
446.8289274320415,38.24659869959473,155.97019777866996,227.05016267282812,14.630012058637933,1042.089647265198,789.3774649419647,28,53.014004425814186
465.2962210225885,119.18618716811018,7.923765069671429,234.6401623804714,19.566727786364176,937.8994611207984,714.2626397390314,14,50.68367966046696
304.5369595443751,239.1886097338661,96.1013894515658,214.4284063506354,28.515931577586105,963.9731426096885,834.4470812828995,3,27.754488885982678
300.60651787487984,44.97522820463213,20.986035683634974,157.84882748976153,18.019531996450677,929.8448006628407,828.5553451602777,90,62.94339887080206
419.31807158671006,68.77541856979245,48.40900317250549,202.57616473038507,22.307817485296795,813.1699827929016,837.3304671151533,14,15.716709310206738
359.98557231110607,216.6757705179199,197.3325186534293,172.51237488664702,15.187981784856083,849.7249339460468,694.037863991816,90,74.70009495562628
380.7867509030813,216.0109609638223,28.499108580302646,150.56047464552614,19.02312094128994,933.6624916225672,633.4513583347463,28,32.807642253933935
418.31706777444043,192.3442898655892,99.77763069027121,220.90458953111073,2.1279664840132027,862.7556396223783,816.623281036548,7,18.94422569529933
456.00213672702654,208.18453334013,123.63114686362383,124.611161875479,7.631747425255409,814.9937085979036,680.517645211702,90,40.96565731716932
235.19806274061432,162.81733300427885,140.4929941088208,228.2114390562508,10.855592796154161,1053.0948992155472,573.3768785613738,56,12.97289364795732
250.2331810559776,75.53971767208583,111.92973669738282,175.3772957549681,14.174800650195408,1094.3577587492348,841.9896078245897,14,57.92383359854764
137.5927759363476,103.70879805117583,1.9541694838367318,196.46417721699365,1.369462365071512,1037.9428621990219,853.0239507089389,28,73.18938573117492
331.3120563984696,54.4793150404277,65.29226164879837,199.12247066469394,4.20072292659953,1056.1354765114002,686.5239024560681,28,68.60841049969562
114.37690951869683,272.5351684000885,103.54232867694229,227.41412888478436,8.304429233739173,872.5931390951137,530.279890923915,90,18.915863141351675
286.2392072529841,175.01753842983615,17.57329982896667,196.4003618600649,29.14598072703152,1088.18809265396,655.1304359667724,7,18.83897959754123
317.05785388303065,120.25542502909197,70.12538624183615,193.6720301712074,9.940410213091523,859.0777113360285,821.4150637850414,3,66.94041376269848
214.61650085131376,138.6017410932398,6.640621758273313,127.99824486728279,14.461231743362475,1085.4289431085497,860.7096114184915,14,74.69779922221811
336.3333042276043,284.1850018835446,15.715699431004149,182.2089626334245,5.882931382151789,1098.4457881897854,581.3890969990383,28,42.24688808834424
112.20009997561976,46.00542093482406,79.38465524031922,138.020280098045,18.32340213227305,1013.5168417238147,526.7894448101086,7,44.92797818396362
114.93927549968576,175.86894960503918,26.54315080861207,208.49205224657828,8.420496465479228,1094.3431195375465,850.9401812531355,56,32.27834289700081
429.0402242638633,151.7666036653398,113.50816965231164,181.46663049752095,6.209777353152804,970.8619338701311,655.7619755915501,28,72.59855827794897
244.07625656450514,183.43627063039435,137.89299382745315,201.6273335050024,15.497178853379372,877.8625349528271,716.7043857070253,7,55.14320337046492
150.8242050607539,5.433055146252153,160.11733982181659,125.00074807228611,0.16517397481262464,931.0987656996863,887.2263248203035,3,30.177610401715793
308.89730402192174,261.63717268324547,40.03004884896202,130.17504192549637,0.22992097947675982,978.0682806136358,526.6258911656892,3,30.91480097379761
407.99742123944435,279.6354847450837,33.49651645181395,205.9588065675219,6.572064273055734,821.9244686081045,759.3272029808383,28,72.38400511445217
186.32841099873727,169.53995507676268,20.91356806688005,128.6501203198408,1.1016408750246343,986.7029793851739,529.6421690299468,28,10.954381673407504
349.15619032760014,208.9952471630677,127.28604990872734,128.55080733183104,3.2407726239207415,1094.3533510286884,650.1875713866002,90,32.59086009086469
134.1389859975072,276.7498143531887,141.29514529738023,121.4530170281865,10.165819480162547,857.0322949351183,821.5258180773787,14,48.80496768514583
120.67268846744308,212.17159029401958,6.3172289651284075,234.78016779593761,24.077570387394385,1037.778534886515,673.3888931022537,7,20.375222346952725
312.54185262725923,45.7617128742784,187.24244924873796,208.50100313508085,17.161459301079024,1072.369638133886,898.8729415611801,28,16.446912793971286
316.2540486440426,172.88650805004394,10.394256730294483,162.3901690202477,15.380031778692492,1083.1104778460663,723.6237139786408,14,67.0693431763392
354.9719605992826,182.01451391485676,108.25926706021409,155.58426975451863,8.804664696243648,1088.040681321634,628.4648610543813,90,72.6083072053955
390.43653348906463,127.2392013907158,141.8121038901833,161.96438756950195,27.952611582984492,956.4378916164416,588.0445303619013,14,67.65244945587327
490.34083178501385,220.93327068741684,174.19382474921713,212.95842374174183,11.91045123711575,1093.192372397451,640.2082137144647,28,72.91515228161434
306.52013932047817,280.3101044307044,142.81738642648557,199.36447332844972,2.6127830038731448,1027.1930621403317,649.0133095038203,3,48.717837974086
229.1825891764984,277.6705538720329,160.34561661395836,142.22346814409616,18.511995483534037,848.5014308710886,527.4854710895844,7,66.85806846932394
418.0744779074815,135.25181142123964,67.89003850856122,140.89312024009013,3.415151804298042,943.070031940391,647.8296797707093,7,36.88298468737703
208.3329005048297,33.971413752226574,162.96502274930245,131.8074779656077,10.356694284050763,1015.4993526116011,685.69540789569,3,56.638750303532696
275.5885682822544,295.45235968870037,16.02296927693503,199.23632636416056,15.222358161534267,874.202094745725,789.0951008955219,28,79.21848719724152
131.3825525369064,251.66942593378025,178.96333121210552,211.72471946660832,26.226675740555272,992.1845550646663,762.6917938886431,7,25.800940668738917
110.140297366183,37.39880436098005,109.51847523074724,151.80557139900048,14.80639741020356,999.9801437139857,783.5062620916617,28,37.29298224037564
485.05936587117003,276.2525647852117,163.45955399249874,122.51339532370953,21.06776298094993,848.8099231425698,503.34547275074283,90,43.603316411706
434.3920482048823,260.96890861863847,90.46365690366002,129.86060009717127,29.78450516997211,969.5255937358269,587.0669598322145,28,19.661084091403623
378.38968243747917,155.65141713782162,128.71553903930499,236.14320418140366,3.944673596939449,1031.4880732935824,764.6737153599427,14,15.672702732553976
263.58117776570793,177.38263072347877,105.28053218722265,155.45337329729043,8.241945765585585,949.6686993607825,693.5957472718989,3,68.0806006425137
169.3177280283383,119.70081116103908,146.31790435106637,212.30677774057602,11.837282267929393,803.6309350328322,502.1253902673384,28,78.37560609793103
162.5748170684344,16.4284916466094,16.325996406117916,194.95962826251167,12.654845356164941,802.7115407237876,821.7978569727289,90,38.33075446807611
200.09715926583812,100.55917249377028,12.07041679811276,165.8327567583475,12.330632257966373,907.1088031910036,809.123829316135,56,16.13548853362573
319.69066588244823,240.85603457940343,49.42064680202929,144.6824714634666,27.228330076696647,1077.8582205295347,719.367665197425,3,14.606823248340355
385.83836908002496,1.3896069013808576,31.90893602263767,134.56637017912877,21.420979334005693,868.6030338810826,526.5853303105089,7,72.3922744452209
364.0789506870925,100.04975150734326,174.35671331844034,193.801556164664,18.237156422721114,990.3091066615061,806.6060198130339,14,42.46699748093759
211.97355877837714,119.450608077283,43.84279747160886,212.95605367653457,9.281181535883462,866.6227612079962,733.4854350925456,7,32.401912159367434
481.94611226527763,161.21868088137686,195.17305116382627,197.2685104249357,24.71371152663884,896.5009968978645,812.7839908631836,90,43.35228898675797
395.1587666783074,275.95668492382816,67.37915835422137,183.63625598989898,28.651815344549668,1054.4126268804453,800.6987969583362,90,32.281286628464315
321.7416210045603,103.90379830978837,36.423583137739854,125.03414681179635,24.635948476506798,1018.6584326809841,821.2008287831349,7,44.2325042715334
344.6882984937409,104.0859605688683,157.93970142849582,236.21865331132605,0.046953155744187125,828.6197831939631,707.20322656185,3,70.16894778425558
267.84002497111595,221.2503744329245,131.74155510017522,215.84570299854894,19.09204110550221,928.6106062959301,556.129807277406,7,51.4610959743467
199.09239580046298,135.66538226694215,99.6391432906278,155.13864440411578,1.5340614432630217,808.7509290935793,768.4629893518754,28,58.625764096712274
242.38907146050462,67.38144688199459,111.07271018752624,237.5964395230621,7.728216610011655,944.2670439809027,748.1895140207882,7,35.52694733640356
403.13844418574763,135.73185483980802,143.84035565445276,192.22579075635866,1.7857410104331506,998.7302035103204,796.9012748796349,14,61.69541149573631
105.75739545190234,42.257106113939955,45.690948266259745,189.89071898486958,18.11386358848163,835.5507870794455,567.9524024202941,14,56.66319594155606
146.4290562027665,52.91609595186699,199.26678321134838,209.76878153154385,20.597697404778202,886.6654816727497,577.9900799601157,56,18.369339842643953
118.4010568087011,149.51033182184392,194.9586324293566,217.4123745708165,3.4346291419771537,919.3509876506471,856.1638068877314,14,50.08499971809092
116.29152092758805,125.67763485136437,130.06513726938738,198.77743287978032,11.515166491349385,1075.859307396815,799.9911193808283,7,27.97204474168306
442.1842336044029,274.45377032043,39.908490185829024,135.371489563944,13.68709526866626,1097.9765046268892,863.2913954801292,14,66.28669687435149
381.46314375200944,108.71816973498993,136.04564848625827,160.5921007193398,11.071590652827497,813.4733896986847,803.4861284655683,3,39.81563959268576
289.6695316349301,174.17650508341305,14.439681795835169,231.370036839126,3.630750014555791,1028.3023770486177,738.8621223961208,14,79.6278915637541
139.1336642604006,189.6792863758591,6.130500441161213,146.95387342126224,12.568433705624262,911.5172199207029,761.6530948111495,28,16.475030655727466
296.64635004673295,3.928336976500091,51.53657770224274,164.6600428605016,22.535341434252544,917.737455868844,855.6511695760039,3,64.6243503918111
289.3887083122263,199.06121160501317,92.52459134786326,171.84922595330352,2.130229935997664,1026.2794920041067,731.5227018047763,56,57.15912134795095
169.28074796400608,53.41079006092543,173.6545010816761,172.72859876333428,2.4054004224571033,1075.5279296436227,752.956529731355,28,63.724918141349384
273.5406596951892,288.32109524083654,145.4338139532616,193.55274989934304,10.643138755079526,1085.2785783507645,562.5906864014403,7,31.527085684331944
259.40189375894937,44.598818325933884,148.5413042399962,233.16910052936493,28.25177134856775,973.1367758114962,689.5684880464411,7,44.44381425676804
346.3400392208866,124.38723711810712,85.09866688961507,148.88312541990058,20.05717940168742,907.1363477901508,786.5588447832396,7,65.7555963806596
354.0374603470575,25.604900423593158,69.18699850939258,134.58016515611016,20.360098700176945,1036.2647257576339,608.3770793265462,28,26.27789321345985
118.1216039088178,299.0622755537842,74.20775259692054,143.69645878319247,10.857599725135948,875.30041497869,580.901672209814,28,25.822323775205646
249.8450458505885,150.65850309937278,197.52991274721157,226.43098802511236,17.809823736256153,969.2222086500553,625.5307232897662,28,48.57356673064527
350.3439662856946,178.61550519601315,8.021838282496496,197.49729751862472,0.30393552083230135,907.573538457462,596.6002511971334,3,46.64945056708991
301.2545034320351,20.122943216528245,173.40629922448971,154.30881470869923,19.082881392286268,996.9893221123629,585.9650548145584,90,29.7583729289053
442.5959364753289,224.98814111975335,115.73508171447868,217.91363267623407,27.3986084272871,872.1196738680521,669.9403371472348,3,30.865295536737595
363.477452647578,62.97167792867573,87.7230838379181,223.36439956361232,18.377204050344574,857.4778837204477,863.1354055534136,7,29.449161424459586
165.17377083257188,269.4162868322141,145.0515320830273,221.58172064283337,26.21095780399035,1075.4717260026312,702.8238586954873,90,64.00584433989414
128.22749896017194,61.54189214460215,97.33378828494057,230.27118403674655,21.719191663982816,830.541104884861,575.1681523261292,14,55.63306058937224
356.96771128252624,57.20631619909997,174.68464761633211,150.2689224208034,3.6167524921107077,951.7873723204796,530.7886677523496,7,68.26920283871769
110.60452421664873,10.964900354428464,180.1403728022517,210.6050314495534,27.07359921857525,866.2558348889027,778.4624580551701,56,78.28311198198153
334.3102325093853,141.6200835329998,84.34418537469108,175.2647396728968,1.9933153306732465,811.6789889977002,653.1195057745551,3,43.19150073903905
476.092096569983,169.45233997878492,55.36555944701031,221.0398263468074,16.019024176432914,810.8056454874279,828.7323786341437,28,14.66857169838142
330.1896711503516,19.71259182850571,118.47006571867244,207.41888125939357,4.26411371380373,852.5665316317481,763.8043074563082,3,13.36646172884248
255.26797048260877,232.65828500850319,182.4726691233382,213.17369357996694,0.35119832192712197,1060.0311063518002,818.4965802165474,28,30.69655274901334
357.3152873769413,135.98665042440828,42.132437801133314,198.73942052172856,12.661027803829171,884.743623193108,608.7784157673796,90,75.27812125467156
283.30115619660666,157.31708079827402,124.59331671269655,141.2914523363648,8.851221229624688,1085.1377511725887,776.9435689844232,56,46.624913847961245
318.24671572637396,132.22882408146845,126.31204401850411,185.40323026763258,14.580014813928091,974.4866878967581,605.6247938774875,90,29.02505612560904
476.5859235106101,120.2289182625978,146.6226044830562,238.160368742941,17.315996602036524,930.9842569306298,875.6273917801166,56,37.94167561577137
254.4410551203097,167.89209939246535,26.31353702545196,232.48656797965427,1.3121721692684207,974.0266504008364,754.5497126133498,3,51.90165751832696
484.4762255295657,46.57207377921375,143.16499293641772,125.1808482956414,3.690098853712369,955.0095155678803,629.8047200701368,28,55.70647606964896
462.14025678242547,54.57843914858134,181.8065041331282,139.77777788753247,16.75927189351276,1027.6328761271975,607.804744916909,90,20.77436568480335
178.31645391571857,258.53568630405516,35.93662177404839,135.80745281454742,10.295020595179746,884.7488197918557,576.3706340286574,56,78.39221735816231
127.74452035006618,283.8346386400898,47.50866498477553,207.11758919823546,21.87520462648344,905.9151174800907,777.8563835574912,7,48.13405588879522
140.31120055097065,111.99279488392588,194.27901880832792,218.1342395828334,19.56874945775819,1068.2282907599752,587.486245199171,7,19.498182245459553
107.28873026061989,81.22340194306614,36.19539054189795,145.62136395728064,25.368130889697206,1083.9369539451216,738.1213063709956,90,72.55446773422935
137.77718430237135,193.19986297170473,170.8770186739158,180.70232315421947,20.77478480007676,1067.7674682459424,605.854010770143,28,15.224690175560017
373.20270936654276,122.62025132942892,98.45557128960695,220.88436336134401,12.897932321704443,925.8343981871941,764.7875779175474,90,73.54148032242588
128.4754593840916,7.615906698103458,49.44621488063541,207.93618537195007,20.188998671832973,1034.1096509020645,825.9758914162157,3,79.75959594022876
227.59025211750452,46.845779209857106,174.14998025450228,185.0684646590218,8.261435227662556,942.9007199903297,811.2100972578612,56,59.03022594095527
437.95012438778184,214.79166865421925,89.0610510005331,190.84172285505275,9.18940496334638,949.2619556438307,804.3405323723127,3,63.931305475179286
109.30877429433035,197.6771825730454,102.96347078593804,181.0032656299536,23.6695547976238,861.4040327171851,575.0889622769008,7,33.61119855272405
425.7873930355743,8.128797751045047,71.84667387995314,155.70581415825848,13.392585492047465,977.339090977555,535.3539787938075,56,75.91037969137537
212.74190990935998,66.59164857988483,118.59017028698548,187.80263914308193,23.951410215550574,855.8407693260044,779.5795313949543,90,47.079977627585734
147.2659310486625,69.32243897642142,32.70477451700455,202.6662362460109,24.672671210048353,899.4694097201582,647.3388855177406,3,61.26719126182884
378.6948661456603,201.56782307961853,78.21630733035214,224.79874990329694,25.726870129838513,1056.5090604859806,672.9384905613389,14,74.68754011378957
351.5771387119536,5.913161326309247,193.8824644670575,196.3549624775098,27.49905707523622,862.1227427632566,512.4596371173565,28,78.26259831828558
450.98880541082116,31.232574595372153,51.626686540225506,211.33458444517896,12.929556615398887,821.3474855520299,603.8305797100197,28,68.32430496176721
394.02841752155433,239.97482561195682,131.34733290825844,139.20859619454876,9.566004549634165,820.7022777838449,513.4705615497857,14,31.2112254887421
421.39237215393945,53.563398616300084,65.03801284493898,175.3868969303748,17.465962397823414,1082.2353561509324,851.6743090404991,7,77.65832615864576
212.8138290285226,195.82383235556242,154.69462513732012,121.11979437925119,11.135172703128827,952.0761313885504,597.3586732874122,56,53.96836718705003
170.97581751188915,71.45483431401796,26.174732143669964,149.60146374259477,18.03222500400699,922.8236215451055,722.9348678292032,28,75.1449733446372
400.24590065634334,29.832417827803546,193.96420901570895,207.1754058135606,21.16757587931474,1043.2635743023754,515.5917282644522,14,57.327351807004625
422.7338957069056,72.95165729983623,90.75790827672785,239.0171941619236,20.652150554764106,1050.7477783731547,766.7389565222632,90,31.506727329340436
496.2020568002693,216.68007955669773,47.21009266929279,131.90137195046592,11.236586610603641,899.6573099346814,629.2109383016375,14,35.901716689997116
265.0470707645706,256.7089404318857,14.69934946600253,168.1793179033546,5.005806050962585,1008.0854172421385,859.1676747830663,7,48.533024397205835
248.80723431711326,249.0659593700975,33.95158101750815,216.00851624389912,12.915880153866226,1031.336844755566,855.2472755736144,7,65.30103890919173
410.56518429679875,119.15505888553645,103.95478971120353,144.48427615546785,4.277824322457262,996.3952060597863,630.1162473446991,3,32.25877859382344
236.32141610120715,200.42554097119384,67.40063528625726,186.61019391627434,26.70291105551425,845.4785224400298,860.3843582761872,28,50.58118162939344
472.3029302414259,61.495288624746294,165.77667317652188,207.96855552356098,10.376323822135722,1062.7649250551171,898.4630693995116,3,34.19374955034811
443.3651007372047,87.94431907830398,86.17750473236119,193.91825403122147,4.6337924166997135,961.7283658208027,830.1662656495791,14,67.1038583244575
271.5976109500074,268.90074555633595,49.742854517525984,142.56296815384994,0.7634327971725263,884.7417279110011,837.9485391020917,56,42.67096656375653
400.34842711659894,3.9005770532208106,123.428997320806,162.64614824228875,19.374671588594527,927.5684556313082,599.603494443636,56,15.370597879701966
401.81714963387293,25.652559256340425,141.35544337708916,214.05501413824766,19.1070695236423,811.2713271196723,730.6809595431025,7,21.623676503707546
141.24954753437305,62.3658765438082,33.408381580189975,186.507181695842,10.21812499743875,838.3600403667252,526.9023655869471,56,14.27732673337426
461.0211626718267,7.959661162145915,33.52384325766353,120.62755362514953,2.15135666542953,1029.6640251547583,537.9671747286679,56,44.951206221002764
302.10094897914286,54.4306305269392,7.334285386708594,211.31889120337127,12.28886684685696,800.0034904266098,899.5570448133162,56,17.4436108143759
430.5829864430967,174.91246829090764,147.2804030131281,124.23736259282869,9.336524851901807,924.9697485446876,630.6556997703644,14,17.989797851674247
228.0198404122447,126.42736517774938,132.76090552436102,209.48805392774784,20.313619192050282,956.7530543256765,799.2735648195385,56,75.8733782026864
458.2092913984802,267.8015133230925,94.92617514996277,144.2976672198285,18.173377483580712,816.3903260002917,822.6660212107265,90,71.08585505232388
255.68067149366524,245.23306852153226,168.83408979383944,234.96881761432564,10.9378118459262,1091.9234488917,843.2093084028917,56,41.64606177679562
104.33506059211935,102.54520550936279,161.13403059001064,164.15289015625012,6.536776627649703,867.8375993749016,899.0513189608625,56,79.00637245951441
462.15279056770544,77.82703002938774,117.07087287935043,159.2317939605695,29.641078984667757,891.2596158908842,596.5985941027471,3,10.013056971946417
136.51467071445342,113.90772245018007,173.65425610265171,137.86656603989337,13.620048635883446,891.1827536765082,516.1403307438799,14,52.97856193913756
227.72545503616595,177.0884827544423,41.16824200735365,156.6725058588258,20.64822707340711,869.124998635205,664.4766071978344,7,53.149972416030906
480.024786820322,80.41909224686287,22.383923879545577,225.19809141938407,4.216589027350823,800.4421466258934,552.0322679315788,3,42.02101391089217
480.24285877502246,187.2446723547402,53.949922303397926,239.56012051526966,14.567690989781934,1018.8034382263988,508.970355664822,28,37.786358105400495
329.37515524931445,122.82349565737213,11.417371217862971,164.1971436608218,0.8261015960839646,1090.0536499397856,644.1707308565944,14,41.876819483642535
352.73488486791973,165.61415425559406,106.2339056002064,173.8332757145451,15.163653537313499,867.2880449855136,813.4953004300946,90,39.04723052557763
279.3782087913279,130.837958740595,187.3211384589923,206.64851258432844,28.920522213531072,998.9141575410267,726.4722764900283,14,61.13447342376096
217.28430867922583,88.3397278625753,7.868708133701929,226.34349365580894,11.526201389574007,1022.5688980876146,625.1111956841416,28,19.474880448129884
231.4658181479664,284.535992088647,24.42198280200536,191.1653201024141,1.1698803772473476,1054.5276137271574,761.7368021970879,28,23.834745441379113
369.00738243081537,229.08173824792826,90.43980565668706,166.98308378133953,0.9286737275803059,926.7887591040827,592.8072721235243,28,22.636275987469652
400.949811775072,42.03395272993576,186.77500350558097,169.51462090183486,11.639602798406084,890.8792716921288,505.752578428834,7,28.372940958488517
416.6316174903394,260.54039276937385,63.2312209953501,203.47417757961682,4.800748093895821,897.5885402069093,805.741354574571,56,46.76808931471083
415.8472571178215,146.2293594748541,101.44696173767849,120.38619163251344,0.7005628898455774,1013.7863999295539,749.4972339456036,14,17.78461231367531
136.48244121947613,268.3656680682274,8.31457181007842,194.3507204951809,22.686408418505305,1045.0338399516909,804.921049800384,56,70.7718506728553
297.7681218810326,239.95657678419457,29.668640192417772,162.6591612529629,13.755690266456721,854.4841903269808,515.5752066750663,56,30.815307191593064
123.02350400665772,127.56405134077004,197.32602459176937,215.3036797532501,8.677343159179635,911.2823024473296,834.8478511322609,90,21.377659122809547
319.8115529294942,6.740792496035219,193.0237392872091,131.15887677877586,27.00249549049442,1070.582059024745,747.8104800145213,28,57.29349167187703
276.6122005493508,80.60320781548383,0.9879961868819231,190.58427203380685,3.4841688060157683,1042.0080559084217,725.358140285056,7,12.666041041952349
455.08167310331993,162.49026439826008,190.36235708464778,177.71674678633485,28.677564868659577,1095.4575208287429,749.8456192458126,90,53.397799541191496
240.36600502083147,190.04346594784417,127.82398756310008,197.07906310862728,9.419001521320585,1026.2744779046243,845.7732987473456,3,58.873890147354984
146.82680657104234,77.36630562996069,173.58365890400444,127.7824313379562,26.652110169260435,917.9585603083767,734.7746026235628,7,25.04415719707034
157.19667282113434,41.80682222184724,90.94797112677182,189.59805449137576,18.088286294383845,977.1913501983913,732.3801519552717,56,12.937485141054399
404.6042526869889,250.47907103978974,103.11920571585004,187.37815055514284,24.801220792244624,998.3042762741961,896.2716628263063,7,35.455175124361475
347.2872253265044,295.32065421106563,97.76931605138404,187.2792113299405,29.520394896313928,823.5367448951372,802.6920668274272,28,16.901596116935554
140.4490704491161,157.70705469080576,133.37285150922088,192.41851999157458,8.652163134562372,963.3490877311596,676.9175221804542,3,18.153449477133595
133.64272244599897,51.50378575449105,27.93025095126258,201.17615246716346,28.834064562227788,1012.7962485417829,782.9588000131711,28,27.79828620114052
380.387652583648,81.69219795581068,5.9947179745355905,216.59867996169237,11.68445684707261,850.1963912003181,655.6921886767154,3,30.682754723873153
129.1052025456774,5.51720296424002,61.58598831823818,152.37848641538574,11.56535714210767,1034.1895152276672,591.5501849933996,90,47.09792387149944
428.74402371614246,274.2896419681497,140.93615254732933,219.00592922160746,10.211613127635172,975.1318341542335,738.7407507551038,56,57.48743198521092
382.4968908625985,35.32532486704234,40.370690424589675,179.79068187161442,16.242228220427556,1085.6665357092784,871.2728392455806,3,51.49396586091294
132.5395122567599,172.95494265427607,134.68648666498348,129.24699349611973,4.624351295354613,812.7266894620675,871.6558080061851,3,20.385223610266177
133.93508563407676,82.2165662061618,193.98240922145408,127.0261115092775,16.611344560740335,879.5978412666401,636.7621112421962,3,22.046022271683853
494.65583140047016,166.253400754738,18.78014315788368,160.1085982435273,16.25114437230012,980.4661637899472,711.070986488678,7,71.51384748550402
249.70831830244813,195.42611650555926,134.52042364502526,214.18763725337612,22.8570543781461,888.9679736617792,584.6543594279444,90,49.08466205448796
248.25685882675637,248.9225411121605,88.75004386091423,204.9217121689099,25.009498858127568,1014.3272492213727,898.2524437995534,7,70.89564830283823
425.119826903001,61.92638152818096,173.62845087550107,214.63379576068877,13.21324050937272,1027.7015847565792,892.4471631471743,56,36.00825579239121
478.89943095354346,3.2987485975441433,35.42995788947718,182.07228677299312,9.069997480544812,830.7547892199424,759.803571882979,3,53.00800052019267
494.4004255291484,41.06568902064218,138.5251904452329,172.82387975465886,7.780046919512834,954.1563392620303,821.7656238709894,90,46.65643912382275
401.35127410357666,270.00559255443153,167.62305792962204,137.69430320475408,5.838715101146158,952.6671666773168,786.04006451348,90,32.33864428743238
250.5038342123663,262.1670232687546,188.92284389480466,159.3831304331174,1.7294274659707465,910.7842310646623,737.2632876157872,14,42.89407604235167
133.4002866794675,179.2239306510925,136.64960565792916,172.08232394086502,10.2734393650414,1079.8774587709017,521.3391987955591,56,45.17436137788524
410.8587663709747,180.15505813009602,99.43495280168545,130.63205156155408,8.107430763923498,1048.2518959619663,681.9057370210644,90,24.053968232967502
323.361699894322,199.51100236387666,123.56944804024278,146.47343432534535,28.99252157599222,1009.162814572891,769.9145208669643,3,32.05072606637121
269.6888036987905,52.61138358703488,173.78099689574364,191.78703528764868,16.731264787501317,1014.2979907204992,771.0126455534739,3,65.39868253548829
462.5417540378944,274.32358377748795,114.12194932776593,208.2795737087028,10.418311170915226,938.5148431439358,649.2490473689534,90,74.1051767617889
144.47899292246052,125.63115746762193,6.077411939367372,239.80170136715395,17.41402802981088,1076.2983563289727,876.6767946632121,7,35.18558654817096
297.0500417163437,114.94155847484923,186.18973910139556,231.97359976122692,4.175901040370865,1008.3786281759856,566.9428128947125,56,31.488059754631273
104.54145790696762,155.67531158485127,137.90535020631222,197.107823944223,13.321312476066087,1018.6943184967449,700.1437784862243,3,23.663801520031775
287.4642567976505,14.089790032516515,135.30267715544932,170.54976639528866,18.787029642631914,1058.5072711362036,776.3535906203291,90,57.494381805540684
122.52131027273494,49.88501062682382,43.13503047954343,196.3412837649879,14.666934953773541,882.2214768026573,778.8543223567237,3,32.616979116643606
147.52716650722877,221.41008492791113,131.77709404653143,214.27819416962785,12.053364019629727,1042.121271160011,759.4555827075262,90,79.14246773694319
147.01049871084194,24.83960037753794,78.77288113083169,134.20034291080648,29.815451666990946,858.5721808869476,610.1152853807441,56,32.79793614447672
359.6841208464254,180.94563283991647,130.24659540829842,169.18858676355458,26.40944286446781,903.6025856734664,562.4826274746488,90,37.58952327478397
398.41795170616933,73.60473290439629,21.318606061598146,220.77627427627408,18.702178744783204,900.6831362809528,754.3761307306843,14,52.23339373484244
333.34750603886386,116.78868421259297,131.5690609206072,166.05995423196526,17.081320835468482,1093.5576405167421,739.7208464557751,90,66.11790052339134
484.86901938981674,86.60812103120996,199.88274515413332,188.62467254726238,18.61981439473752,1056.961167124378,571.7424041156964,90,42.86630657419436
249.94823180948163,106.70181493948473,9.642407772111206,190.53232330346378,6.039363234672997,1010.3509584770779,782.0556582282254,56,39.585922365227084
214.28483451274428,215.71377155527364,195.43483684426346,142.13715037603671,11.854132297929558,1018.1170284846171,682.0687966934626,90,79.69464835163657
447.4396512757841,89.13651468695251,81.38159214457413,163.4682529982746,1.1837859867269795,968.6218383207713,767.1042366412612,56,10.73455487979611
189.43833540778104,169.92139208906914,174.15069006745182,160.14135464903185,14.2663811246048,1084.1272001325558,834.9468319080603,14,72.65457021958721
485.2890157762445,142.8151206597299,156.4770968116547,123.14360502384777,16.290737518729895,948.8776258647084,567.8913714307693,56,20.43985781578162
104.86178987592653,199.10134960879444,113.40325219733356,122.90301166696263,6.832492083096287,914.1553129609683,507.6579471987347,3,65.01476933462394
487.95153068305564,281.0489217974274,147.6898418502653,219.8036452410928,28.920865414965412,848.9106010794773,811.6410345583147,56,53.25520918924086
117.26396478023045,219.7716291630751,175.7031122602696,152.76849719673748,27.28363832811726,1035.8616956783173,743.8789700610464,14,33.92930998486645
456.45724547922845,64.48211357722703,80.8280643302066,182.16945194865787,21.664297063677175,1020.3331796226774,779.8558278488487,28,71.1712468864713
311.08044363451995,9.354940518385401,65.40663231264774,155.84706883065277,16.001598862960876,915.3065115572405,835.261989995457,90,10.903505958669438
497.18591844772016,78.67921328994753,133.51867711271694,232.88150941384086,26.09907478943055,807.5580241877688,821.1243739298002,56,25.86834564524466
129.51862589415956,178.52337921007646,161.56918838825172,151.11561106389286,3.919570314703887,1051.6991983154032,884.3680587715298,90,49.68249573746752
321.5417137605283,15.427744045275105,152.45702695532316,171.5588175286722,23.71529382824655,803.4253950362221,714.3740315408472,7,34.60795820347886
487.7210142476396,148.9098741603709,159.5627297717269,224.72763005815222,3.744624419005449,1011.1099338887153,695.3982530639621,3,52.72642467228293
309.2391376680595,179.05285467506675,87.1166629625866,221.03202801501703,23.826319876482163,1091.0771329178172,660.754879956292,3,11.687713538606678
351.759455254105,100.27316724508825,163.5668432350043,142.33217014155326,8.273027047540708,931.2983984444611,561.4764171376818,7,18.152125133719878
378.29947559384686,231.27366112374656,24.04181107412169,216.31719717548526,26.312717430545668,870.4920214987858,729.042893152809,7,18.896736815290748
281.8164259071093,31.97947594013154,108.89781959216991,174.98242640854713,28.321262814761933,1011.4613030130145,610.8050097303915,56,23.24985521412066
351.0232320336254,22.54133452074263,1.151732099624314,177.95626465024262,4.463879082153469,1045.1384426046754,868.5230048851902,7,42.153200856038
333.72572476924006,218.456626861081,64.91716598005407,136.01759668991326,13.880268151961806,963.9290948233543,733.276321710839,28,62.64900896804998
460.46320419639557,148.64739486185954,73.29230697427957,129.67218165085495,29.42962134488055,1090.1105825768439,737.1360722032441,90,73.38771865502308
118.17855213658315,206.5207189283208,79.23453832185108,207.3527168368518,14.502223079194398,815.5006164973884,641.9698643508041,90,68.47607711989723
212.38527583689213,130.44820158112387,139.09344133797242,179.57533828263598,25.906425675436353,951.4386794913585,520.795740791083,14,23.78215102429785
480.1645936306235,73.92060997173205,77.71162025406915,172.42208431382153,17.661945663939594,1015.536184196765,512.6975061491954,7,40.88053865614427
456.10551355636653,245.7306953022599,89.73872452450613,207.5409874382876,11.259897237588056,1058.7921413447536,669.334057661279,7,23.95881184309745
282.26270111428516,239.82476369069377,47.50882617486549,211.86154787893315,8.573506665776106,853.776683572337,533.8261512388951,28,28.513027166703353
348.0530391206147,208.40894125632803,74.65035832586801,139.06898012032244,6.096692732582618,1040.0010445291045,742.7387822160556,3,45.24828870583203
210.95247319245306,81.6435411689888,45.453925452630294,193.22701793731696,22.853945741330918,965.8121227155636,852.389202255863,3,14.767631730646578
175.24846388950454,177.06920006072613,14.639184753688728,136.24248987332226,11.596215204690836,918.966104596989,853.1659266074889,90,25.272203071529127
285.4793619759929,108.29216908200804,120.68971867627558,210.1650103234855,15.338263866022535,839.5145085737281,763.618164052893,90,75.47647129149821
241.34089121042112,27.474621997990244,133.64255971100326,198.83461875205674,14.769764400035458,1059.5887276726737,584.4927325891724,56,42.628140486094225
333.4624447403488,275.1940726386728,123.8980692019229,234.79375453001495,17.31837087699394,847.1819624539146,845.1987325435489,28,41.17705681845105
131.09385478599393,41.04558927568842,92.69880876011447,128.27496196277053,25.967314368736567,892.9363577627298,854.4373741252832,14,11.019700832589523
489.7579230664666,285.07120614624074,75.95715603584597,126.84656653815051,29.42218030750288,887.0136595887311,578.6614339811834,14,27.317982294084203
494.48429779184113,133.80173188738672,172.66672991436505,153.86244896318402,12.227526257214508,1061.4242102572562,794.9704343082709,28,70.6404705187527
